chr1,start1,end1,chr2,start2,end2,id/name,brass_score,strand1,strand2,sample,svclass,bkdist,assembly_score,readpair names,readpair count,bal_trans,inv,occL,occH,copynumber_flag,range_blat,Brass Notation,non-template,micro-homology,assembled readnames,assembled read count,gene1,gene_id1,transcript_id1,strand1.1,end_phase1,region1,region_number1,total_region_count1,first/last1,gene2,gene_id2,transcript_id2,strand2.1,phase2,region2,region_number2,total_region_count2,first/last2,fusion_flag
1,1221574,1221575,3,36001515,36001516,2,4,+,-,PD35930a,translocation,-1,_,"HX6_22491:1:2102:16843:31160,HX6_22527:4:1119:17726:45804,HX6_22527:5:1111:18233:6601,HX8_22556:8:1222:27377:57600",4,0,0,1,1,0,0,_,_,_,_,_,SCNN1D,SCNN1D,ENST00000379116,1,0,exon,7,18,_,_,_,_,_,_,_,_,_,_,0
1,82939873,82939874,22,31836022,31836023,10,8,-,-,PD35930a,translocation,-1,100,"HX3_22561:8:2224:16325:38807,HX6_22491:7:1203:31416:3700,HX6_22527:3:1111:30107:3507,HX6_22527:3:1218:20689:17606,HX6_22567:1:2222:20963:57249,HX6_22567:3:1118:14275:26396,HX7_22510:7:2216:16193:55245,HX8_22556:1:1217:27397:27433",8,0,0,2,2,1,0,Chr.1-  82939874][31836023  Chr.22-  (score 100),.,.,"HX6_22491:3:2202:20831:14617/2,HX3_22562:7:1120:30289:5546/1,HX8_22556:3:1217:3214:53012/2,HX6_22527:1:2201:9151:72156/1,HX6_22567:3:2106:14103:56194/2,HX8_22556:3:1217:3214:52942/2,HX3_22562:5:1116:6451:28031/2,HX6_22491:4:2219:19421:67129/1,HX8_22555:8:1223:12459:59780/1,HX7_22510:8:2202:4949:49232/1,HX3_22561:8:2221:10013:67041/1,HX3_22562:1:2203:3051:66759/2",12,_,_,_,_,_,_,_,_,_,EIF4ENIF1,EIF4ENIF1,ENST00000397525,-1,1,exon,19,19,_,0
1,170939235,170939236,X,4832078,4832079,17,15,+,-,PD35930a,translocation,-1,_,"HX3_22561:5:2115:1712:53293,HX3_22561:7:2205:32278:46718,HX3_22562:4:1115:6137:14582,HX3_22562:5:2122:19299:72121,HX6_22491:4:2209:4797:44152,HX6_22527:2:1103:31568:53645,HX6_22527:6:2121:23876:40530,HX6_22567:3:2206:5761:12666,HX6_22567:8:2112:2128:29753,HX7_22509:3:1111:17158:49426,HX7_22509:7:2217:6319:33920,HX7_22510:1:1121:5071:49830,HX7_22510:6:1205:14935:29085,HX7_22510:6:2217:6867:25060,HX8_22555:5:1113:11160:58409",15,0,0,1,1,1,0,_,_,_,_,_,MROH9,MROH9,ENST00000367759,1,0,intron,7,22,_,_,_,_,_,_,_,_,_,_,0
10,79974248,79974252,13,57076944,57076948,135,23,-,-,PD35930a,translocation,-1,99,"HX3_22561:1:2119:28686:22071,HX3_22561:8:1208:22394:60325,HX3_22562:6:2115:11799:31916,HX6_22491:5:2123:29011:56317,HX6_22491:5:2215:16041:18977,HX6_22527:3:1119:16843:60519,HX6_22527:6:1213:2585:10468,HX6_22527:7:2213:7912:42130,HX6_22527:8:2224:12124:68904,HX6_22567:1:1219:9749:63806,HX7_22509:6:1201:8156:43853,HX7_22509:8:2115:7669:7286,HX7_22510:1:2109:9759:24726,HX7_22510:1:2203:19786:40970,HX7_22510:2:2217:1874:44187,HX7_22510:5:2108:15645:13580,HX8_22555:8:1104:26697:46120,HX8_22555:8:2116:30969:36575,HX8_22556:1:1216:29234:45593,HX8_22556:3:2109:27935:46929,HX8_22556:4:2117:22658:4561,HX8_22556:6:1214:2706:68799,HX9_22776:3:1117:23855:71541",23,0,0,1,1,1,0,Chr.10-  79974252(49)--TTA--57076948(45)  Chr.13-  (score 99),.,TTA,"HX8_22556:7:1223:22343:66531/1,HX8_22555:8:1211:20669:29314/2,HX8_22555:8:1211:20699:29402/2,HX7_22510:4:1224:16863:38227/1,HX7_22510:8:2101:14428:72438/2,HX7_22509:8:2115:7669:7286/1,HX6_22567:4:1107:5670:54313/2,HX7_22510:6:2112:11312:60888/2,HX8_22556:4:1115:7496:6495/2,HX3_22562:2:1216:17229:26484/1,HX3_22562:7:2104:4838:2135/1,HX8_22555:8:1211:20577:29156/2,HX6_22527:7:2213:7912:42130/1,HX8_22556:4:2117:22658:4561/2",14,_,_,_,_,_,_,_,_,_,_,_,_,_,_,_,_,_,_,0
14,32400719,32400720,20,59277961,59277962,153,7,-,-,PD35930a,translocation,-1,_,"HX6_22527:5:2214:7101:23882,HX6_22567:3:2221:26017:53416,HX6_22567:4:2112:4635:1186,HX7_22509:6:2203:14072:10855,HX7_22510:3:1201:4087:32303,HX7_22510:5:2212:15930:17131,HX8_22556:5:1202:10196:46226",7,0,0,1,1,0,0,_,_,_,_,_,_,_,_,_,_,_,_,_,_,_,_,_,_,_,_,_,_,_,0
2,33057195,33057196,18,43336570,43336571,38,16,+,-,PD35930a,translocation,-1,_,"HX3_22562:2:2114:23632:46015,HX3_22562:4:2123:11698:54313,HX3_22562:6:1217:7466:51588,HX6_22491:7:1203:2940:66250,HX6_22527:1:2221:4198:38614,HX6_22527:3:1101:7273:18133,HX6_22527:6:1215:30208:63841,HX7_22509:4:1116:16691:23161,HX7_22509:6:2210:23937:19504,HX7_22509:7:1121:10744:24567,HX7_22510:6:2223:14702:19821,HX8_22555:4:1220:23439:57319,HX8_22555:8:1219:10521:41972,HX8_22556:6:1109:6157:13879,HX8_22556:6:1115:7740:60712,HX8_22556:7:1121:26139:15443",16,36,0,3,3,1,0,_,_,_,_,_,LINC00486,LINC00486,ENST00000414054,1,_,UTRintron,1,5,_,_,_,_,_,_,_,_,_,_,0
20,49365812,49365813,20,49372335,49372336,178,6,+,-,PD35930a,inversion,6522,_,"HX3_22562:5:2111:21511:30492,HX3_22562:6:1212:30137:39458,HX6_22491:6:1104:30594:50586,HX6_22491:8:1123:25327:35449,HX6_22567:3:1208:5172:55877,HX8_22555:3:1113:25804:67041",6,0,0,1,1,0,0,_,_,_,_,_,PARD6B,PARD6B,ENST00000371610,1,1,intron,2,3,_,_,_,_,_,_,_,_,_,_,0
8,48596631,48596635,11,113462371,113462375,116,5,+,+,PD35930a,translocation,-1,100,"HX3_22561:4:1122:4168:36311,HX3_22561:8:2119:11322:12209,HX3_22562:4:1211:22475:24638,HX7_22509:6:1107:5771:28259,HX8_22556:5:2223:5852:38491",5,0,0,1,1,1,0,Chr.8  48596632(35)--GAG--113462372(75)  Chr.11  (score 100),.,GAG,"HX7_22510:1:2212:30665:26659/2,HX8_22556:4:1104:27316:7778/1,HX3_22561:5:1216:4868:26273/1,HX3_22561:4:1122:4168:36311/2",4,SPIDR,SPIDR,ENST00000297423,1,2,intron,11,20,_,_,_,_,_,_,_,_,_,_,0
9,6597781,6597782,9,6608189,6608190,128,16,+,+,PD35930a,deletion,10407,_,"HX3_22561:4:1106:10632:69871,HX3_22562:1:2210:31050:50252,HX3_22562:4:1213:9770:30298,HX3_22562:4:2110:27265:32127,HX6_22527:3:2101:22211:35467,HX6_22527:7:2108:21998:5915,HX7_22509:2:1220:22932:1450,HX7_22509:4:1124:11028:5827,HX7_22509:5:1104:4959:55368,HX7_22510:1:1203:25915:34430,HX7_22510:8:2109:12540:46736,HX8_22555:4:1103:17929:71858,HX8_22555:6:1118:21816:69836,HX8_22555:7:2207:25905:12191,HX8_22556:6:2212:19380:49373,HX8_22556:8:2108:18091:45382",16,0,0,1,1,1,0,_,_,_,_,_,GLDC,GLDC,ENST00000321612,-1,0,intron,8,25,_,GLDC,GLDC,ENST00000321612,-1,2,intron,4,25,_,680
X,148326196,148326197,X,148341323,148341324,200,45,+,+,PD35930a,deletion,15126,99,"HX3_22561:1:1202:14955:54541,HX3_22561:4:1120:17066:35520,HX3_22561:7:1224:7314:62435,HX3_22562:1:1105:29680:3788,HX3_22562:4:2102:22211:4843,HX3_22562:5:2209:16102:52977,HX3_22562:6:1203:12834:72807,HX3_22562:6:2110:10247:46947,HX3_22562:8:1101:12388:37717,HX3_22562:8:1101:28960:52045,HX6_22491:1:2110:5923:23354,HX6_22491:3:2108:19441:27679,HX6_22491:4:1222:8998:29912,HX6_22491:8:1114:28107:29015,HX6_22491:8:2209:7212:49496,HX6_22527:8:2105:1641:45646,HX6_22567:1:1114:21014:28400,HX6_22567:2:1111:22668:33973,HX6_22567:2:2119:28767:24286,HX6_22567:2:2202:15483:55702,HX6_22567:5:2209:4736:31248,HX6_22567:6:1118:17655:49654,HX6_22567:7:1117:26108:66830,HX6_22567:8:2209:1326:49390,HX7_22509:2:1208:32207:13299,HX7_22509:3:2104:22780:45769,HX7_22509:5:2101:8369:10081,HX7_22509:6:2121:10805:67427,HX7_22509:7:1114:25185:68113,HX7_22509:8:2218:4970:51096,HX7_22510:1:2101:23277:5704,HX7_22510:2:1220:13393:38719,HX7_22510:4:1101:27945:17061,HX8_22555:5:1106:20780:52221,HX8_22555:5:1118:6928:22352,HX8_22555:6:1106:20699:47017,HX8_22555:7:2214:16082:28119,HX8_22555:8:2124:18000:12068,HX8_22556:2:1216:22546:49865,HX8_22556:2:2210:8339:22792,HX8_22556:6:2221:29285:15268,HX9_22776:3:1121:21684:49601,HX9_22776:3:2217:23175:68887,HX9_22776:3:2223:23947:27398,HX9_22776:4:2212:16173:48916",45,0,0,1,1,1,0,Chr.X  148326197][148341324  Chr.X  (score 99),.,.,"HX8_22556:1:1216:6735:59358/1,HX6_22567:2:2119:28767:24286/1,HX6_22527:1:2114:25976:53416/1,HX6_22567:6:1118:17645:49672/1,HX8_22555:5:1118:6928:22352/2,HX7_22509:1:2212:11779:71612/1,HX3_22562:8:2209:5386:10925/1,HX6_22567:5:1216:3884:9097/1,HX8_22555:4:2211:12560:47791/2,HX3_22561:4:1120:16904:35555/2,HX6_22567:6:1118:17655:49654/1,HX6_22527:8:2105:1641:45646/1,HX7_22509:3:2104:22780:45769/2,HX3_22562:5:2209:16102:52977/2,HX3_22562:3:1207:2818:56651/1,HX6_22491:3:2207:16478:8657/1,HX6_22567:1:1114:21014:28400/2,HX8_22556:2:2210:8339:22792/2,HX6_22527:1:2114:25946:53328/1,HX8_22555:5:2219:10977:17377/2,HX3_22562:8:1101:28960:52045/2,HX3_22562:5:1203:24860:66812/1,HX3_22561:4:1120:17066:35520/2,HX7_22509:3:2104:22698:45734/2",24,_,_,_,_,_,_,_,_,_,_,_,_,_,_,_,_,_,_,0
